account_number,customer_code,confidence_percentage
02XYZXYZ10015592101,KL0255921,71
02XYZXYZ10015593701,KL0255937,56
02XYZXYZ10015593801,KL0255938,65
02XYZXYZ10015594801,KL0255948,59
02XYZXYZ10015597601,KL0255976,1
02XYZXYZ10015597701,KL0255977,27
02XYZXYZ10015597801,KL0255978,32
02XYZXYZ10015598301,KL0255983,80
02XYZXYZ10015598401,KL0255984,5
02XYZXYZ10015599001,KL0255990,85
02XYZXYZ100172100401,PB2122003,9
02XYZXYZ100172101301,PB2127846,93
02XYZXYZ100172102301,PB2169679,38
02XYZXYZ100172103001,PB2169686,9
02XYZXYZ100172103501,PB2169693,35
02XYZXYZ100172104101,PB2169703,46
02XYZXYZ100172104401,PB2169706,27
02XYZXYZ10015628201,KL0256282,96
02XYZXYZ10015645301,KL0256453,99
02XYZXYZ10015645701,KL0256457,8
02XYZXYZ10015646301,KL0256463,44
02XYZXYZ10015339701,KL0253397,97
02XYZXYZ10015571501,KL0255715,55
02XYZXYZ10015571601,KL0255716,82
02XYZXYZ100172156301,KP2511802,48
02XYZXYZ100172159601,KP2534243,93
02XYZXYZ100172105601,PB2169720,22
02XYZXYZ100172107201,PB2169737,32
02XYZXYZ100172108601,PB2169754,95
02XYZXYZ100172108701,PB2169755,80
02XYZXYZ100172108901,PB2169759,16
02XYZXYZ100172110101,PB2169775,40
02XYZXYZ100172111501,PB2169796,51
02XYZXYZ100172112201,PB2169809,36
02XYZXYZ100172112801,PB2169818,29
02XYZXYZ100172113201,PB2169826,36
02XYZXYZ100172114201,PB2211769,93
02XYZXYZ100172115901,KP2256346,60
02XYZXYZ100172122201,KP2256451,20
02XYZXYZ100172124101,KP2263925,21
02XYZXYZ100172125701,KP2304680,46
02XYZXYZ100172126501,KP2367195,66
02XYZXYZ100172132301,KP2418165,93
02XYZXYZ100172138001,KP2467840,69
02XYZXYZ100172139601,KP2476979,65
02XYZXYZ100172144101,KP2479940,21
02XYZXYZ100172147201,KP2493425,8
02XYZXYZ10017228201,KL0272282,80
02XYZXYZ10017230601,KL0272306,74
02XYZXYZ10017238601,KL0272386,33
02XYZXYZ10017239401,KL0272394,43
02XYZXYZ10017240701,KL0272407,15
02XYZXYZ10017241901,KL0272419,45
02XYZXYZ10017242301,KL0272423,83
02XYZXYZ10017243601,KL0272436,81
02XYZXYZ10017247201,KL0272472,57
02XYZXYZ10017248201,KL0272482,41
02XYZXYZ10017248701,KL0272487,34
02XYZXYZ10017254601,KL0272546,47
02XYZXYZ10017257301,KL0272573,34
02XYZXYZ10017258001,KL0272580,32
02XYZXYZ10017258601,KL0272586,55
02XYZXYZ10017259101,KL0272591,83
02XYZXYZ10017270701,KL2006609,47
02XYZXYZ10017271201,KL2006824,89
02XYZXYZ10017272201,KL2009150,3
02XYZXYZ10017272701,KL2009222,49
02XYZXYZ10017273601,KL2009387,38
02XYZXYZ10017274801,KL2009431,44
02XYZXYZ10017275301,KL2010961,7
02XYZXYZ10017275501,KL2010963,0
02XYZXYZ10017277001,PK2007247,83
02XYZXYZ10017278701,MG2011062,13
02XYZXYZ10017279301,IT2010531,17
02XYZXYZ10017280401,KL2034677,45
02XYZXYZ10017281301,KL2036514,77
02XYZXYZ10017283401,PB2064573,50
02XYZXYZ10017283501,PB2064574,20
02XYZXYZ10017286501,PB2075348,51
02XYZXYZ10017286901,PB2075356,93
02XYZXYZ10017287701,PB2075365,13
02XYZXYZ10017288801,PB2075382,86
02XYZXYZ10017289201,PB2075386,92
02XYZXYZ10017289401,PB2075389,4
02XYZXYZ10017290001,PB2079853,44
02XYZXYZ10017290801,PB2084771,7
02XYZXYZ10017291101,PB2084774,4
02XYZXYZ10017291601,PB2084779,99
02XYZXYZ10017292001,PB2084783,86
02XYZXYZ10017293001,PB2103838,31
02XYZXYZ10017293401,PB2103847,97
02XYZXYZ10017294601,PB2103859,94
02XYZXYZ10017295501,PB2103869,80
02XYZXYZ10017295801,PB2103873,16
02XYZXYZ10017296101,PB2103878,43
02XYZXYZ10017297501,PB2121852,65
02XYZXYZ10017298401,PB2121979,99
02XYZXYZ10017260401,KL0272604,98
02XYZXYZ10017260501,KL0272605,94
02XYZXYZ10017262601,KL0272626,76
02XYZXYZ10017263101,KL0272631,0
02XYZXYZ10017263501,KL0272635,71
02XYZXYZ10017266602,KP2000631,55
02XYZXYZ10017267501,BG0572675,63
02XYZXYZ100172174001,KP2589494,52
02XYZXYZ10017500824,KL2012384,72
02XYZXYZ10017500841,KL2012402,4
02XYZXYZ10017500842,KL2012403,2
02XYZXYZ10017500843,KL2012399,1
02XYZXYZ10017500845,KL2012397,99
02XYZXYZ10017500850,KL2012410,93
02XYZXYZ10017500854,KL2012417,66
02XYZXYZ10017500881,KL2012482,53
02XYZXYZ10017500887,KL2012484,68
02XYZXYZ10017500894,KL2012518,79
02XYZXYZ10017500986,KL2012705,94
02XYZXYZ10017501008,KL2012775,34
02XYZXYZ10017500003,KL2000009,90
02XYZXYZ10017500026,KL0256107,46
02XYZXYZ10017500027,KL0256116,61
02XYZXYZ10017500028,KL0256108,66
02XYZXYZ10017500030,KL0256118,49
02XYZXYZ10017500032,KL2000258,46
02XYZXYZ10017500033,KL0256129,84
02XYZXYZ10017500069,KL2000876,81
02XYZXYZ10017500072,KL2000891,53
02XYZXYZ10017500074,KL2000900,25
02XYZXYZ10017500077,KL2000896,67
02XYZXYZ10017500078,KL2000895,61
02XYZXYZ10017500082,KL2000889,3
02XYZXYZ10017500089,KL2000877,32
02XYZXYZ10017500090,KL2000878,53
02XYZXYZ10017500100,KL2001294,68
02XYZXYZ10017500305,KL2008257,83
02XYZXYZ10017500311,KL2008267,9
02XYZXYZ10017500313,KL2008269,98
02XYZXYZ10017500315,KL2008271,63
02XYZXYZ10017500327,KL2008289,24
02XYZXYZ10017500329,KL2008291,29
02XYZXYZ10017500360,KL2009689,76
02XYZXYZ10017500378,KL2010612,93
02XYZXYZ10017500379,KL2010613,38
02XYZXYZ10017500393,KL2011454,10
02XYZXYZ10017500433,KL2011665,39
02XYZXYZ10017500455,KL2011730,63
02XYZXYZ10017500466,KL2011745,1
02XYZXYZ10017500467,KL2011746,13
02XYZXYZ10017500470,KL2011751,66
02XYZXYZ10017500474,KL2011756,90
02XYZXYZ10017500477,KL2011759,52
02XYZXYZ10017500478,KL2011760,92
02XYZXYZ10017500487,KL2011770,2
02XYZXYZ10017500488,KL2011771,37
02XYZXYZ10017500489,KL2011773,77
02XYZXYZ10017500499,KP2011811,74
02XYZXYZ10017500566,KL2012039,39
02XYZXYZ10017500567,KL2012040,75
02XYZXYZ10017500568,KL2012041,58
02XYZXYZ10017500569,KL2012037,65
02XYZXYZ10017500571,KL2012035,53
02XYZXYZ10017500572,KL2012031,71
02XYZXYZ10017500573,KL2012038,94
02XYZXYZ10017500574,KL2011998,60
02XYZXYZ10017500575,KL2011999,20
02XYZXYZ10017500581,KL2012004,17
02XYZXYZ10017500590,KL2012015,27
02XYZXYZ10017500592,KL2012016,83
02XYZXYZ10017500593,KL2012018,36
02XYZXYZ10017500597,KL2012021,32
02XYZXYZ10017500602,KL2012033,54
02XYZXYZ10017500606,KL2012026,72
02XYZXYZ10017500608,KL2012005,0
02XYZXYZ10017500639,KL2012147,83
02XYZXYZ10017500643,KL2012160,18
02XYZXYZ10017500644,KL2012159,41
02XYZXYZ10017500645,KL2012161,53
02XYZXYZ10017500647,KL2012157,41
02XYZXYZ10017500648,KL2012128,45
02XYZXYZ10017500649,KL2012123,5
02XYZXYZ10017500652,KL2012113,90
02XYZXYZ10017500656,KL2012055,36
02XYZXYZ10017500660,KL2012064,9
02XYZXYZ10017500662,KL2012070,39
02XYZXYZ10017500663,KL2012131,67
02XYZXYZ10017500664,KL2012129,20
02XYZXYZ10017500674,KL2012199,97
02XYZXYZ10017500676,KL2012203,27
02XYZXYZ10017500682,KL2012172,43
02XYZXYZ10017500686,KL2012178,34
02XYZXYZ10017500687,KL2012173,45
02XYZXYZ10017500690,KL2012177,20
02XYZXYZ10017500693,KL2012205,67
02XYZXYZ10017500697,KL2012216,75
02XYZXYZ10017500699,KL2012214,75
02XYZXYZ10017500700,KL2012218,49
02XYZXYZ10017500702,KL2012221,22
02XYZXYZ10017500704,KL2012198,65
02XYZXYZ10017500706,KL2012163,56
02XYZXYZ10017500723,KL2012284,87
02XYZXYZ10017500725,KL2012286,68
02XYZXYZ10017500731,KL2012285,79
02XYZXYZ10017500732,KL2012287,90
02XYZXYZ10017500734,KL2012269,13
02XYZXYZ10017500735,KL2012268,95
02XYZXYZ10017500736,KL2012275,39
02XYZXYZ10017500741,KL2012120,10
02XYZXYZ10017500743,KL2012231,31
02XYZXYZ10017500746,KL2012245,27
02XYZXYZ10017500747,KL2012251,43
02XYZXYZ10017500748,KL2012253,36
02XYZXYZ10017500750,KL2012117,49
02XYZXYZ10017500753,KL2012118,39
02XYZXYZ10017500762,KL2012299,48
02XYZXYZ10017500765,KL2012308,26
02XYZXYZ10017500767,KL2012314,83
02XYZXYZ10017500769,KL2012317,40
02XYZXYZ10017500770,KL2012324,52
02XYZXYZ10017500771,KL2012320,40
02XYZXYZ10017500773,KL2012325,45
02XYZXYZ10017500774,KL2012326,3
02XYZXYZ10017500777,KL2012330,81
02XYZXYZ10017500779,KL2012333,98
02XYZXYZ10017500780,KL2012335,48
02XYZXYZ10017500781,KL2012339,45
02XYZXYZ10017500783,KL2012359,82
02XYZXYZ10017500784,KL2012357,74
02XYZXYZ10017500785,KL2012360,26
02XYZXYZ10017500786,KL2012361,10
02XYZXYZ10017501317,KL2013517,69
02XYZXYZ10017501337,KL2013318,18
02XYZXYZ10017501464,KL2013847,84
02XYZXYZ10017501480,KL2013808,68
02XYZXYZ10017501481,KL2013811,85
02XYZXYZ10017501484,KL2013816,24
02XYZXYZ10017501488,KL2013821,63
02XYZXYZ10017501492,KL2013830,46
02XYZXYZ10017501494,KL2013833,42
02XYZXYZ10017501496,KL2013835,73
02XYZXYZ10017501499,KL2013840,40
02XYZXYZ10017501503,KL2013850,79
02XYZXYZ10017501506,KL2013871,74
02XYZXYZ10017501509,KL2013874,37
02XYZXYZ10017501510,KL2013872,61
02XYZXYZ10017501513,KL2013877,97
02XYZXYZ10017501515,KL2013879,0
02XYZXYZ10017501516,KL2013859,11
02XYZXYZ10017501523,KL2013867,54
02XYZXYZ10017501542,KL2013920,39
02XYZXYZ10017501544,KL2013935,31
02XYZXYZ10017501584,KL2014038,40
02XYZXYZ10017501638,KL2014189,6
02XYZXYZ10017501841,KL2014613,10
02XYZXYZ10017501845,KL2014618,35
02XYZXYZ10017501851,KL2014652,44
02XYZXYZ10017501907,KL2014749,17
02XYZXYZ10017501908,KL2014759,54
02XYZXYZ10017502117,KL2015204,21
02XYZXYZ10017502124,KL2015194,40
02XYZXYZ10017502157,KL2015248,41
02XYZXYZ10017502160,KL2015251,82
02XYZXYZ10017502205,KL2015346,91
02XYZXYZ10017502217,KL2015393,7
02XYZXYZ10017502229,KL2015413,62
02XYZXYZ10017502419,KL2015820,89
02XYZXYZ10017501697,KL2014325,62
02XYZXYZ10017501698,KL2014327,45
02XYZXYZ10017501699,KL2014326,36
02XYZXYZ10017501707,KL2014318,45
02XYZXYZ10017501711,KL2014314,18
02XYZXYZ10017501773,KL2014469,54
02XYZXYZ10017501134,KL2013058,18
02XYZXYZ10017501138,KL2013055,30
02XYZXYZ10017501141,KL2013057,94
02XYZXYZ10017501153,KL2013080,83
02XYZXYZ10017501195,LP2002205,33
02XYZXYZ10017501235,KL2013296,16
02XYZXYZ10017503488,KL2018176,80
02XYZXYZ10017503541,KL2018301,55
02XYZXYZ10017503630,KL2018496,35
02XYZXYZ10017503633,KL2018493,10
02XYZXYZ10017503728,KL2018741,46
02XYZXYZ10017503729,KL2018740,99
02XYZXYZ10017503731,KL2018738,60
02XYZXYZ10017502459,KL2015917,1
02XYZXYZ10017502565,KL2016133,25
02XYZXYZ10017502566,KL2016134,24
02XYZXYZ10017502582,KL2016162,47
02XYZXYZ10017502613,KL2016240,63
02XYZXYZ10017502615,KL2016244,72
02XYZXYZ10017502632,KL2016284,74
02XYZXYZ10017502765,KL2016613,54
02XYZXYZ10017502864,KL2016841,50
02XYZXYZ10017502879,KL2016861,86
02XYZXYZ10017502941,KL2016969,83
02XYZXYZ10017503015,KL2017134,55
02XYZXYZ10017503092,KL2017281,26
02XYZXYZ10017503121,KL2017396,69
02XYZXYZ10017503122,KL2017395,64
02XYZXYZ10017503123,KL2017394,14
02XYZXYZ10017503124,KL2017393,78
02XYZXYZ10017503126,KL2017391,49
02XYZXYZ10017503127,KL2017390,11
02XYZXYZ10017503128,KL2017389,8
02XYZXYZ10017503137,KL2017378,7
02XYZXYZ10017503138,KL2017377,12
02XYZXYZ10017503139,KL2017376,42
02XYZXYZ10017503140,KL2017375,71
02XYZXYZ10017503141,KL2017373,32
02XYZXYZ10017503142,KL2017372,48
02XYZXYZ10017503168,KL2017455,43
02XYZXYZ10017503170,KL2017456,74
02XYZXYZ10017503174,KL2017463,39
02XYZXYZ10017503176,KL2017460,74
02XYZXYZ10017503186,KL2017513,55
02XYZXYZ10017503259,KL2017624,51
02XYZXYZ10017503338,KL2017811,93
02XYZXYZ10017503350,KP2017828,11
02XYZXYZ10017504110,KL2019613,78
02XYZXYZ10017504429,KL2020339,57
02XYZXYZ10017504477,KL2020445,50
02XYZXYZ10017504690,KL2020882,79
02XYZXYZ10017504691,KL2020881,48
02XYZXYZ10017504738,KL2021008,3
02XYZXYZ10017504778,KL2021118,73
02XYZXYZ10017504807,KL2021190,56
02XYZXYZ10017504836,KL2021272,60
02XYZXYZ10017504299,KL2019970,31
02XYZXYZ10017504352,KL2020092,77
02XYZXYZ10017503808,KL2018964,94
02XYZXYZ10017503836,KL2019020,39
02XYZXYZ10017503891,KL2019128,14
02XYZXYZ10017506098,KL2024344,53
02XYZXYZ10017506099,KL2024343,25
02XYZXYZ10017506164,KL2024473,63
02XYZXYZ10017506227,KL2024654,44
02XYZXYZ10017506400,KL2025053,30
02XYZXYZ10017504963,KL2021595,19
02XYZXYZ10017504971,KL2021620,5
02XYZXYZ10017504998,KL2021706,68
02XYZXYZ10017505105,KL2021912,27
02XYZXYZ10017505112,KL2021904,31
02XYZXYZ10017505160,KL2022042,76
02XYZXYZ10017505161,KL2022041,87
02XYZXYZ10017505162,KL2022040,8
02XYZXYZ10017505544,KL2022910,77
02XYZXYZ10017505609,KL2023083,62
02XYZXYZ10017505748,KL2023504,80
02XYZXYZ10017505749,KL2023486,16
02XYZXYZ10017505750,KL2023506,40
02XYZXYZ10017505751,KL2023491,51
02XYZXYZ10017505752,KL2023485,35
02XYZXYZ10017505794,KL2023566,23
02XYZXYZ10017505816,KL2023629,12
02XYZXYZ10017505885,KL2023791,91
02XYZXYZ10017505945,KL2023931,21
02XYZXYZ10017505964,KL2023961,31
02XYZXYZ10017505986,KL2024047,93
02XYZXYZ10017506594,KL2025435,74
02XYZXYZ10017506602,KL2025450,91
02XYZXYZ10017506729,KL2025697,33
02XYZXYZ10017506768,KL2025771,94
02XYZXYZ10017506803,KL2025830,69
02XYZXYZ10017506839,KL2025876,62
02XYZXYZ10017507158,KL2026572,7
02XYZXYZ10017507160,KL2026574,49
02XYZXYZ10017507173,KL2026586,25
02XYZXYZ10017507176,KL2026589,79
02XYZXYZ10017507178,KL2026591,18
02XYZXYZ10017507187,KL2026600,53
02XYZXYZ10017507188,KL2026601,13
02XYZXYZ10017507193,KL2026607,7
02XYZXYZ10017507194,KL2026608,96
02XYZXYZ10017507196,KL2026610,58
02XYZXYZ10017507197,KL2026611,6
02XYZXYZ10017507199,KL2026613,53
02XYZXYZ10017507260,KL2026745,49
02XYZXYZ10017507267,KL2026752,86
02XYZXYZ10017507268,KL2026753,84
02XYZXYZ10017507269,KL2026754,62
02XYZXYZ10017507314,KL2026860,60
02XYZXYZ10017507345,KL2026919,15
02XYZXYZ10017507352,KL2026931,95
02XYZXYZ10017507353,KL2026930,30
02XYZXYZ10017507417,KL2027056,65
02XYZXYZ10017507450,KL2027115,34
02XYZXYZ10017507456,KL2027124,77
02XYZXYZ10017507512,KL2027241,82
02XYZXYZ10017506953,KL2026097,80
02XYZXYZ10017506467,KL2025196,56
02XYZXYZ10017508575,KL2029213,42
02XYZXYZ10017508748,KL2029591,39
02XYZXYZ10017508771,KL2029642,72
02XYZXYZ10017508820,KL2029720,44
02XYZXYZ10017507588,KL2027397,2
02XYZXYZ10017507604,KL2027434,79
02XYZXYZ10017507605,KL2027433,88
02XYZXYZ10017507651,KL2027502,5
02XYZXYZ10017507704,KL2027636,62
02XYZXYZ10017507718,KL2027674,95
02XYZXYZ10017507789,KL2027792,88
02XYZXYZ10017507815,KL2027866,59
02XYZXYZ10017507857,KL2027973,28
02XYZXYZ10017507908,KL2028048,65
02XYZXYZ10017507972,KL2028140,43
02XYZXYZ10017507992,KL2028164,20
02XYZXYZ10017508137,KL2028404,69
02XYZXYZ10017508141,KL2028409,89
02XYZXYZ10017508316,KL2028730,37
02XYZXYZ10017508405,KL2028934,17
02XYZXYZ10017509083,KL2030205,76
02XYZXYZ10017509228,KL2030465,29
02XYZXYZ10017509258,KL2030517,19
02XYZXYZ10017509325,KL2030631,9
02XYZXYZ10017509504,KL2031029,88
02XYZXYZ10017509582,KL2031204,15
02XYZXYZ10017509600,KL2031219,8
02XYZXYZ10017509601,KL2031220,98
02XYZXYZ10017509602,KL2031221,64
02XYZXYZ10017509603,KL2031223,28
02XYZXYZ10017509604,KL2031225,48
02XYZXYZ10017509605,KL2031227,57
02XYZXYZ10017509607,KL2031232,43
02XYZXYZ10017509608,KL2031233,42
02XYZXYZ10017509609,KL2031234,81
02XYZXYZ10017509610,KL2031235,81
02XYZXYZ10017509611,KL2031241,62
02XYZXYZ10017509612,KL2031242,67
02XYZXYZ10017509613,KL2031243,50
02XYZXYZ10017509614,KL2031244,48
02XYZXYZ10017509615,KL2031245,90
02XYZXYZ10017509616,KL2031246,6
02XYZXYZ10017509617,KL2031248,63
02XYZXYZ10017509618,KL2031249,97
02XYZXYZ10017509619,KL2031250,96
02XYZXYZ10017509620,KL2031251,90
02XYZXYZ10017509621,KL2031254,62
02XYZXYZ10017509622,KL2031252,40
02XYZXYZ10017509623,KL2031256,15
02XYZXYZ10017509625,KL2031257,57
02XYZXYZ10017509626,KL2031258,39
02XYZXYZ10017509627,KL2031259,23
02XYZXYZ10017509628,KL2031260,98
02XYZXYZ10017509629,KL2031261,25
02XYZXYZ10017509630,KL2031262,28
02XYZXYZ10017509631,KL2031263,67
02XYZXYZ10017509632,KL2031264,53
02XYZXYZ10017509633,KL2031265,63
02XYZXYZ10017509634,KL2031298,57
02XYZXYZ10017509636,KL2031300,95
02XYZXYZ10017509637,KL2031301,7
02XYZXYZ10017509638,KL2031302,48
02XYZXYZ10017509639,KL2031266,22
02XYZXYZ10017509640,KL2031267,65
02XYZXYZ10017509641,KL2031268,58
02XYZXYZ10017509644,KL2031270,99
02XYZXYZ10017509645,KL2031271,18
02XYZXYZ10017509646,KL2031272,95
02XYZXYZ10017509647,KL2031273,23
02XYZXYZ10017509648,KL2031274,28
02XYZXYZ10017509649,KL2031275,71
02XYZXYZ10017509650,KL2031276,71
02XYZXYZ10017509651,KL2031277,44
02XYZXYZ10017509652,KL2031278,7
02XYZXYZ10017509653,KL2031279,6
02XYZXYZ10017509654,KL2031280,6
02XYZXYZ10017509655,KL2031281,13
02XYZXYZ10017509657,KL2031284,48
02XYZXYZ10017509658,KL2031303,2
02XYZXYZ10017509659,KL2031304,68
02XYZXYZ10017509660,KL2031305,32
02XYZXYZ10017509661,KL2031306,56
02XYZXYZ10017509662,KL2031307,85
02XYZXYZ10017509663,KL2031308,56
02XYZXYZ10017509664,KL2031309,29
02XYZXYZ10017509665,KL2031285,74
02XYZXYZ10017509666,KL2031286,85
02XYZXYZ10017509667,KL2031287,5
02XYZXYZ10017509668,KL2031288,69
02XYZXYZ10017509669,KL2031289,29
02XYZXYZ10017509670,KL2031291,40
02XYZXYZ10017509671,KL2031293,14
02XYZXYZ10017509672,KL2031294,48
02XYZXYZ10017509675,KL2031296,1
02XYZXYZ10017509676,KL2031297,59
02XYZXYZ10017509698,KL2031346,95
02XYZXYZ10017509711,KL2031372,98
02XYZXYZ10017509810,KL2031543,5
02XYZXYZ10017509883,KL2031671,30
02XYZXYZ10017509884,KL2031672,39
02XYZXYZ10017509364,KL2030723,2
02XYZXYZ10017509409,KL2030845,96
02XYZXYZ10017509415,KL2030857,75
02XYZXYZ10017509421,KL2030864,87
02XYZXYZ10017509427,KL2030890,9
02XYZXYZ10017509459,KL2030947,86
02XYZXYZ10017509460,KL2030945,4
02XYZXYZ10017508912,KL2029873,62
02XYZXYZ10017508914,KL2029875,0
02XYZXYZ10017508917,KL2029878,12
02XYZXYZ10017510841,KL2033477,61
02XYZXYZ10017510843,KL2033479,68
02XYZXYZ10017510844,KL2033480,59
02XYZXYZ10017510846,KL2033481,92
02XYZXYZ10017510847,KL2033482,81
02XYZXYZ10017510848,KL2033483,31
02XYZXYZ10017510849,KL2033484,11
02XYZXYZ10017510850,KL2033485,61
02XYZXYZ10017510851,KL2033486,76
02XYZXYZ10017510852,KL2033487,98
02XYZXYZ10017510853,KL2033488,60
02XYZXYZ10017510854,KL2033489,9
02XYZXYZ10017510855,KL2033490,63
02XYZXYZ10017510935,KL2033656,89
02XYZXYZ10017510936,KL2033655,56
02XYZXYZ10017510938,KL2033653,15
02XYZXYZ10017510939,KL2033652,5
02XYZXYZ10017510940,KL2033651,82
02XYZXYZ10017510941,KL2033650,95
02XYZXYZ10017510942,KL2033649,29
02XYZXYZ10017510943,KL2033648,61
02XYZXYZ10017510944,KL2033647,18
02XYZXYZ10017510946,KL2033644,7
02XYZXYZ10017511066,KL2033922,82
02XYZXYZ10017511069,KL2033925,90
02XYZXYZ10017511070,KL2033926,3
02XYZXYZ10017511072,KL2033928,45
02XYZXYZ10017511074,KL2033930,18
02XYZXYZ10017511121,KL2034050,56
02XYZXYZ10017509944,KL2031784,26
02XYZXYZ10017509945,KL2031783,61
02XYZXYZ10017509954,KL2031800,26
02XYZXYZ10017509955,KL2031801,51
02XYZXYZ10017509956,KL2031802,75
02XYZXYZ10017510064,KL2031983,24
02XYZXYZ10017510190,KL2032219,95
02XYZXYZ10017510192,KL2032221,4
02XYZXYZ10017510193,KL2032222,34
02XYZXYZ10017510196,KL2032225,58
02XYZXYZ10017510197,KL2032226,89
02XYZXYZ10017510198,KL2032227,74
02XYZXYZ10017510199,KL2032228,1
02XYZXYZ10017510200,KL2032229,86
02XYZXYZ10017510201,KL2032230,27
02XYZXYZ10017510305,KL2032450,76
02XYZXYZ10017510314,KL2032468,1
02XYZXYZ10017510386,KL2032583,78
02XYZXYZ10017510526,KL2032838,86
02XYZXYZ10017510718,KL2033200,99
02XYZXYZ10017510732,KL2033230,35
02XYZXYZ10017510745,KL2033252,81
02XYZXYZ10017510761,KL2033277,98
02XYZXYZ10017510762,KL2033278,47
02XYZXYZ10017510786,KL2033347,42
02XYZXYZ10017510834,KL2033470,70
02XYZXYZ10017510837,KL2033474,25
02XYZXYZ10017510839,KL2033475,15
02XYZXYZ10017510840,KL2033476,1
02XYZXYZ10017511233,172663926,60
02XYZXYZ10017511255,KL2034213,97
02XYZXYZ10017511272,KL2034270,8
02XYZXYZ10017511340,KL2034408,48
02XYZXYZ10017511341,KL2034409,15
02XYZXYZ10017511344,KL2034412,34
02XYZXYZ10017511353,KL2034414,26
02XYZXYZ10017511426,KL2034575,29
02XYZXYZ10017511433,KL2034582,68
02XYZXYZ10017511449,KL2034616,54
02XYZXYZ10017511464,KL2034672,67
02XYZXYZ10017511698,KL2035284,73
02XYZXYZ10017511701,KL2035289,64
02XYZXYZ10017511737,KL2035441,0
02XYZXYZ10017511780,KL2035590,11
02XYZXYZ10017511781,KL2035591,54
02XYZXYZ10017511782,KL2035592,36
02XYZXYZ10017511791,KL2035648,22
02XYZXYZ10017511880,KL2035798,0
02XYZXYZ10017511884,KL2035802,35
02XYZXYZ10017511894,KL2035841,75
02XYZXYZ10017511910,KL2035889,71
02XYZXYZ10017511603,KL2035000,31
02XYZXYZ10017511607,KL2035004,44
02XYZXYZ10017511608,KL2035005,26
02XYZXYZ10017511609,KL2035006,0
02XYZXYZ10017511639,KL2035119,20
02XYZXYZ10017511170,KL2034103,3
02XYZXYZ10017511171,KL2034105,54
02XYZXYZ10017511172,KL2034107,62
02XYZXYZ10017511176,KL2034088,48
02XYZXYZ10017511178,KL2034091,55
02XYZXYZ10017511180,KL2034095,31
02XYZXYZ10017511182,KL2034099,91
02XYZXYZ10017511184,KL2034102,62
02XYZXYZ10017511185,KL2034104,40
02XYZXYZ10017511186,KL2034106,12
02XYZXYZ10017511187,KL2034108,39
02XYZXYZ10017511190,KL2034113,62
02XYZXYZ10017511191,KL2034114,93
02XYZXYZ10017511194,KL2034118,79
02XYZXYZ10017511195,KL2034119,15
02XYZXYZ10017511197,KL2034121,40
02XYZXYZ10017511202,KL2034126,55
02XYZXYZ10017511203,KL2034127,55
02XYZXYZ10017511210,KL2034143,10
02XYZXYZ10017511212,KL2034145,87
02XYZXYZ10017511213,KL2034146,6
02XYZXYZ10017511214,KL2034147,68
02XYZXYZ10017512878,KL2039587,23
02XYZXYZ10017512939,KL2039812,11
02XYZXYZ10017512992,KL2040019,86
02XYZXYZ10017512993,KL2040023,0
02XYZXYZ10017513003,KL2040071,42
02XYZXYZ10017513035,KL2040252,10
02XYZXYZ10017512137,KL2036550,24
02XYZXYZ10017512169,KL2036650,90
02XYZXYZ10017512174,KL2036662,78
02XYZXYZ10017512175,KL2036663,19
02XYZXYZ10017512177,KL2036665,64
02XYZXYZ10017512195,KL2036811,61
02XYZXYZ10017512230,KL2037026,16
02XYZXYZ10017512502,KL2038175,95
02XYZXYZ10017512517,KL2038190,31
02XYZXYZ10017512520,KL2038205,67
02XYZXYZ10017512546,KL2038312,45
02XYZXYZ10017512569,KL2038386,24
02XYZXYZ10017512642,KL2038751,86
02XYZXYZ10017512663,KL2038811,57
02XYZXYZ10017512723,KL2039084,28
02XYZXYZ10017512752,KL2039132,71
02XYZXYZ10017512753,KL2039133,71
02XYZXYZ10017512789,KL2039223,42
02XYZXYZ10017512796,KL2039230,96
02XYZXYZ10017512797,KL2039231,54
02XYZXYZ10017513403,KL2041388,82
02XYZXYZ10017513497,KL2041630,50
02XYZXYZ10017513502,KL2041635,4
02XYZXYZ10017513507,KL2041640,70
02XYZXYZ10017513667,KL2042087,41
02XYZXYZ10017513688,KL2042156,94
02XYZXYZ10017513715,KL2042242,48
02XYZXYZ10017513725,KL2042259,59
02XYZXYZ10017513740,KL2042311,49
02XYZXYZ10017513744,KL2042324,70
02XYZXYZ10017513782,KL2042416,5
02XYZXYZ10017513963,KL2043036,13
02XYZXYZ10017513587,KL2041851,51
02XYZXYZ10017513625,KL2041977,18
02XYZXYZ10017513658,KL2042076,36
02XYZXYZ10017513659,KL2042077,26
02XYZXYZ10017513173,KL2040772,24
02XYZXYZ10017513174,KL2040769,43
02XYZXYZ10017513175,KL2040768,42
02XYZXYZ10017514955,KL2045617,82
02XYZXYZ10017515005,KL2045729,85
02XYZXYZ10017515127,KL2045960,80
02XYZXYZ10017515177,KL2046052,45
02XYZXYZ10017515202,KL2046101,86
02XYZXYZ10017514188,KL2043758,94
02XYZXYZ10017514230,KL2043892,14
02XYZXYZ10017514237,KL2043887,90
02XYZXYZ10017514284,KL2044060,5
02XYZXYZ10017514318,KL2044162,59
02XYZXYZ10017514331,KL2044205,77
02XYZXYZ10017514397,KL2044377,10
02XYZXYZ10017514690,KL2044994,18
02XYZXYZ10017514871,KL2045474,63
02XYZXYZ10017514875,KL2045484,61
02XYZXYZ10017514877,KL2045487,15
02XYZXYZ10017526267,PB2074546,95
02XYZXYZ10017526268,PB2074547,28
02XYZXYZ10017526315,PB2074621,58
02XYZXYZ10017526337,PB2074653,6
02XYZXYZ10017530409,PB2084665,56
02XYZXYZ10017524464,LP2070426,61
02XYZXYZ10017526394,PB2074732,40
02XYZXYZ10017526435,PB2074806,15
02XYZXYZ10017524612,PB2070805,59
02XYZXYZ10017528599,PB2080242,47
02XYZXYZ10017530602,PB2085366,60
02XYZXYZ10017524682,PB2071025,61
02XYZXYZ10017524688,PB2071042,24
02XYZXYZ10017524698,PB2071089,36
02XYZXYZ10017526612,PB2075105,11
02XYZXYZ10017526629,PB2075177,45
02XYZXYZ10017526639,PB2075198,93
02XYZXYZ10017526691,PB2075292,29
02XYZXYZ10017526692,PB2075293,69
02XYZXYZ10017528701,PB2080565,59
02XYZXYZ10017528731,PB2080672,90
02XYZXYZ10017528745,PB2080729,70
02XYZXYZ10017524797,PB2071310,83
02XYZXYZ10017524809,PB2071369,5
02XYZXYZ10017526810,PB2075632,76
02XYZXYZ10017526817,PB2075643,66
02XYZXYZ10017528795,PB2080841,4
02XYZXYZ10017528796,PB2080842,22
02XYZXYZ10017528848,PB2081025,99
02XYZXYZ10017528897,PB2081144,30
02XYZXYZ10017531081,PB2087000,52
02XYZXYZ10017524940,PB2071655,72
02XYZXYZ10017524959,PB2071690,5
02XYZXYZ10017524980,PB2071757,8
02XYZXYZ10017524998,PB2071821,26
02XYZXYZ10017525028,PB2071885,8
02XYZXYZ10017526857,PB2075719,62
02XYZXYZ10017526947,PB2075909,85
02XYZXYZ10017528924,PB2081224,38
02XYZXYZ10017530844,IT0903193,39
02XYZXYZ10017530882,PB2086237,80
02XYZXYZ10017530883,PB2086238,82
02XYZXYZ10017530884,PB2086239,73
02XYZXYZ10017530887,PB2086242,19
02XYZXYZ10017530888,PB2086244,74
02XYZXYZ10017530890,PB2086246,16
02XYZXYZ10017530893,PB2086249,56
02XYZXYZ10017530894,PB2086250,36
02XYZXYZ10017530922,PB2086320,10
02XYZXYZ10017530929,PB2086346,43
02XYZXYZ10017525058,PB2071962,84
02XYZXYZ10017525135,PB2072195,94
02XYZXYZ10017525172,PB2072276,19
02XYZXYZ10017525173,PB2072275,14
02XYZXYZ10017525175,PB2072322,11
02XYZXYZ10017526999,PB2076011,15
02XYZXYZ10017527066,PB2076210,43
02XYZXYZ10017527079,PB2076262,71
02XYZXYZ10017529126,PB2081786,26
02XYZXYZ10017529152,PB2081849,19
02XYZXYZ10017531030,PB2086666,16
02XYZXYZ10017531037,PB2086695,25
02XYZXYZ10017531038,PB2086696,75
02XYZXYZ10017525215,PB2072422,1
02XYZXYZ10017525301,PB2072621,80
02XYZXYZ10017525303,PB2072624,99
02XYZXYZ10017525305,PB2072626,53
02XYZXYZ10017527200,PB2076538,71
02XYZXYZ10017527210,PB2076545,96
02XYZXYZ10017527212,PB2076547,65
02XYZXYZ10017529243,PB2082004,41
02XYZXYZ10017529301,PB2082149,7
02XYZXYZ10017531297,PB2087640,14
02XYZXYZ10017527272,PB2076710,51
02XYZXYZ10017527347,PB2076916,13
02XYZXYZ10017527348,PB2076915,11
02XYZXYZ10017529345,PB2082246,17
02XYZXYZ10017523550,PB2068200,53
02XYZXYZ10017523564,PB2068227,14
02XYZXYZ10017525515,PB2073073,11
02XYZXYZ10017527389,PB2076979,16
02XYZXYZ10017527409,PB2077042,45
02XYZXYZ10017529460,PB2082541,80
02XYZXYZ10017529528,PB2082667,65
02XYZXYZ10017529542,PB2082675,84
02XYZXYZ10017529559,PB2082717,24
02XYZXYZ10017523648,PB2068420,71
02XYZXYZ10017523680,PB2068523,81
02XYZXYZ10017523700,PB2068555,96
02XYZXYZ10017523724,PB2068613,35
02XYZXYZ10017525572,PB2073204,90
02XYZXYZ10017525575,PB2073216,43
02XYZXYZ10017525581,PB2073241,46
02XYZXYZ10017525612,PB2073329,1
02XYZXYZ10017527523,PB2077367,67
02XYZXYZ10017529594,PB2082770,32
02XYZXYZ10017525691,PB2073488,59
02XYZXYZ10017525712,PB2073552,0
02XYZXYZ10017525766,PB2073639,23
02XYZXYZ10017527687,PB2077760,17
02XYZXYZ10017529709,PB2082970,16
02XYZXYZ10017529758,PB2083070,28
02XYZXYZ10017523972,PB2069151,92
02XYZXYZ10017525837,PB2073800,79
02XYZXYZ10017527825,PB2078154,19
02XYZXYZ10017529802,PB2083144,60
02XYZXYZ10017529848,PB2083205,43
02XYZXYZ10017529851,PB2083206,36
02XYZXYZ10017529904,PB2083320,51
02XYZXYZ10017529905,PB2083319,47
02XYZXYZ10017526025,PB2074112,84
02XYZXYZ10017527916,PB2078443,79
02XYZXYZ10017527941,PB2078524,43
02XYZXYZ10017529934,PB2083387,79
02XYZXYZ10017529939,PB2083391,67
02XYZXYZ10017529976,PB2083516,99
02XYZXYZ10017529992,PB2083592,94
02XYZXYZ10017529993,PB2083593,72
02XYZXYZ10017529994,PB2083594,81
02XYZXYZ10017529995,PB2083595,88
02XYZXYZ10017530052,PB2083748,99
02XYZXYZ10017524181,PB2069738,31
02XYZXYZ10017528031,PB2078757,59
02XYZXYZ10017528077,PB2078882,0
02XYZXYZ10017528086,PB2078897,25
02XYZXYZ10017530063,PB2083782,27
02XYZXYZ10017530084,PB2083890,60
02XYZXYZ10017530085,PB2083887,19
02XYZXYZ10017530086,PB2083888,16
02XYZXYZ10017530127,PB2083998,22
02XYZXYZ10017530129,PB2084003,63
02XYZXYZ10017530132,PB2084005,50
02XYZXYZ10017530139,PB2084008,61
02XYZXYZ10017530142,PB2084011,56
02XYZXYZ10017530143,PB2084012,99
02XYZXYZ10017530144,PB2084013,28
02XYZXYZ10017524306,PB2070057,43
02XYZXYZ10017526233,PB2074434,33
02XYZXYZ10017528245,PB2079380,34
02XYZXYZ10017530281,PB2084336,71
02XYZXYZ10017518536,KL2054232,56
02XYZXYZ10017518537,KL2054231,68
02XYZXYZ10017518607,KL2054410,72
02XYZXYZ10017518608,KL2054409,58
02XYZXYZ10017518609,KL2054412,72
02XYZXYZ10017518610,KL2054413,86
02XYZXYZ10017518611,KL2054415,13
02XYZXYZ10017518613,KL2054416,11
02XYZXYZ10017518614,KL2054417,16
02XYZXYZ10017518615,KL2054419,46
02XYZXYZ10017518617,KL2054420,83
02XYZXYZ10017518631,KL2054481,76
02XYZXYZ10017518632,KL2054480,34
02XYZXYZ10017518634,KL2054478,40
02XYZXYZ10017518635,KL2054477,98
02XYZXYZ10017518637,KL2054474,71
02XYZXYZ10017518639,KL2054471,62
02XYZXYZ10017520645,PB2059594,98
02XYZXYZ10017520652,PB2059602,5
02XYZXYZ10017520653,PB2059603,30
02XYZXYZ10017520654,PB2059604,38
02XYZXYZ10017520681,PB2059635,0
02XYZXYZ10017520692,PB2059646,85
02XYZXYZ10017522500,PB2065374,25
02XYZXYZ10017522505,PB2065382,73
02XYZXYZ10017522506,PB2065383,91
02XYZXYZ10017522508,PB2065387,34
02XYZXYZ10017522510,PB2065389,97
02XYZXYZ10017522511,PB2065390,85
02XYZXYZ10017516359,KL2048711,35
02XYZXYZ10017516360,KL2048712,18
02XYZXYZ10017516361,KL2048713,88
02XYZXYZ10017516362,KL2048691,86
02XYZXYZ10017516363,KL2048692,67
02XYZXYZ10017516364,KL2048693,78
02XYZXYZ10017516366,KL2048698,90
02XYZXYZ10017516367,KL2048699,15
02XYZXYZ10017516368,KL2048700,8
02XYZXYZ10017516369,KL2048694,94
02XYZXYZ10017516370,KL2048696,47
02XYZXYZ10017516374,KL2048703,54
02XYZXYZ10017516375,KL2048704,29
02XYZXYZ10017516376,KL2048705,85
02XYZXYZ10017518658,KL2054513,38
02XYZXYZ10017518659,KL2054516,34
02XYZXYZ10017518742,KL2054749,59
02XYZXYZ10017520697,PB2059652,93
02XYZXYZ10017520698,PB2059654,86
02XYZXYZ10017520707,PB2059663,55
02XYZXYZ10017520739,PB2059775,16
02XYZXYZ10017520752,KL2019734,15
02XYZXYZ10017520794,PB2060025,28
02XYZXYZ10017520805,PB2060059,94
02XYZXYZ10017520806,PB2060060,89
02XYZXYZ10017520808,PB2060063,64
02XYZXYZ10017520810,PB2060065,53
02XYZXYZ10017520811,PB2060066,74
02XYZXYZ10017522681,PB2065890,11
02XYZXYZ10017522682,PB2065892,33
02XYZXYZ10017522683,PB2065893,31
02XYZXYZ10017518837,KL2054987,58
02XYZXYZ10017518848,KL2055030,96
02XYZXYZ10017518851,KL2055034,6
02XYZXYZ10017520812,PB2060067,44
02XYZXYZ10017520813,PB2060068,1
02XYZXYZ10017520923,PB2060702,74
02XYZXYZ10017522758,PB2066099,66
02XYZXYZ10017522798,PB2066232,11
02XYZXYZ10017516707,KL2049592,58
02XYZXYZ10017518990,KL2055441,56
02XYZXYZ10017519021,KL2055539,7
02XYZXYZ10017521010,PB2061112,66
02XYZXYZ10017521017,PB2061147,10
02XYZXYZ10017522875,PB2066427,52
02XYZXYZ10017522876,PB2066428,31
02XYZXYZ10017522878,PB2066431,99
02XYZXYZ10017522889,PB2066463,2
02XYZXYZ10017522897,PB2066466,15
02XYZXYZ10017522903,PB2066481,70
02XYZXYZ10017522911,PB2066531,5
02XYZXYZ10017522914,PB2066535,17
02XYZXYZ10017522948,PB2066626,69
02XYZXYZ10017516723,KL2049609,95
02XYZXYZ10017516724,KL2049610,67
02XYZXYZ10017516822,KL2049912,50
02XYZXYZ10017519059,KL2055629,51
02XYZXYZ10017519109,KL2055752,7
02XYZXYZ10017519116,KL2055754,81
02XYZXYZ10017519121,KL2055763,85
02XYZXYZ10017521065,PB2061253,84
02XYZXYZ10017521090,PB2061408,63
02XYZXYZ10017521139,PB2061513,65
02XYZXYZ10017521159,PB2061574,35
02XYZXYZ10017521161,PB2061576,81
02XYZXYZ10017521163,PB2061578,0
02XYZXYZ10017523012,PB2066843,57
02XYZXYZ10017523028,PB2066908,86
02XYZXYZ10017523032,PB2066910,60
02XYZXYZ10017523083,PB2067003,42
02XYZXYZ10017516861,KL2050003,30
02XYZXYZ10017516864,KL2050007,25
02XYZXYZ10017516924,KL2050158,36
02XYZXYZ10017516948,KL2050210,5
02XYZXYZ10017519190,KL2055929,16
02XYZXYZ10017521209,PB2061690,69
02XYZXYZ10017521210,PB2061691,94
02XYZXYZ10017523480,PB2068011,66
02XYZXYZ10017517033,KL2050453,48
02XYZXYZ10017517050,KL2050534,42
02XYZXYZ10017517076,KL2050589,67
02XYZXYZ10017517106,KL2050698,11
02XYZXYZ10017519354,KL2056379,52
02XYZXYZ10017521309,PB2061899,27
02XYZXYZ10017521315,PB2061918,79
02XYZXYZ10017521336,PB2061976,17
02XYZXYZ10017521349,PB2062013,47
02XYZXYZ10017521350,PB2062015,87
02XYZXYZ10017521357,PB2062026,92
02XYZXYZ10017521368,PB2062070,1
02XYZXYZ10017521374,PB2062079,30
02XYZXYZ10017521386,PB2062123,48
02XYZXYZ10017521396,PB2062137,51
02XYZXYZ10017523139,PB2067134,10
02XYZXYZ10017523204,PB2067279,96
02XYZXYZ10017517144,KL2050789,54
02XYZXYZ10017517186,KL2050886,81
02XYZXYZ10017521493,PB2062292,42
02XYZXYZ10017523338,PB2067638,67
02XYZXYZ10017517287,KL2051175,12
02XYZXYZ10017517357,KL2051349,58
02XYZXYZ10017517368,KL2051405,53
02XYZXYZ10017521543,PB2062458,93
02XYZXYZ10017515242,KL2046182,8
02XYZXYZ10017515289,KL2046308,62
02XYZXYZ10017517449,KL2051606,85
02XYZXYZ10017521635,PB2062833,41
02XYZXYZ10017521672,PB2062935,48
02XYZXYZ10017517533,KL2051792,20
02XYZXYZ10017515618,KL2046946,57
02XYZXYZ10017517708,KL2052323,26
02XYZXYZ10017519998,PB2058094,56
02XYZXYZ10017519999,PB2058096,6
02XYZXYZ10017520003,PB2058100,61
02XYZXYZ10017520005,PB2058102,88
02XYZXYZ10017520006,PB2058103,56
02XYZXYZ10017520008,PB2058105,17
02XYZXYZ10017521942,PB2063712,16
02XYZXYZ10017521944,PB2063714,30
02XYZXYZ10017515644,KL2046987,5
02XYZXYZ10017515651,KL2047003,35
02XYZXYZ10017515655,KL2047012,58
02XYZXYZ10017515775,KL2047253,88
02XYZXYZ10017515776,KL2047254,67
02XYZXYZ10017515777,KL2047255,71
02XYZXYZ10017515779,KL2047258,56
02XYZXYZ10017517823,KL2052631,66
02XYZXYZ10017517902,KL2052817,64
02XYZXYZ10017522011,PB2063945,23
02XYZXYZ10017522074,PB2064109,22
02XYZXYZ10017515793,KL2047289,41
02XYZXYZ10017515795,KL2047295,41
02XYZXYZ10017515819,KL2047358,81
02XYZXYZ10017518008,KL2053056,84
02XYZXYZ10017520206,PB2058564,78
02XYZXYZ10017520207,PB2058565,37
02XYZXYZ10017520310,PB2058747,52
02XYZXYZ10017522151,PB2064328,49
02XYZXYZ10017522166,PB2064438,91
02XYZXYZ10017515915,KL2047542,6
02XYZXYZ10017515916,KL2047543,60
02XYZXYZ10017515949,KL2047615,84
02XYZXYZ10017515954,KL2047621,37
02XYZXYZ10017515969,KL2047680,36
02XYZXYZ10017516008,KL2047740,68
02XYZXYZ10017516014,KL2047751,32
02XYZXYZ10017518117,KL2053272,57
02XYZXYZ10017520391,PB2058983,89
02XYZXYZ10017520448,PB2059113,76
02XYZXYZ10017522321,PB2064829,13
02XYZXYZ10017518308,KL2053744,39
02XYZXYZ10017520458,PB2059153,53
02XYZXYZ10017520493,PB2059229,51
02XYZXYZ10017520559,PB2059407,98
02XYZXYZ10017516301,KL2048505,35
02XYZXYZ10017518492,KL2054100,84
02XYZXYZ10017541534,PB2128897,14
02XYZXYZ10017541574,PB2129068,21
02XYZXYZ10017541580,PB2129135,60
02XYZXYZ10017543247,PB2137332,40
02XYZXYZ10017545070,PB2145949,19
02XYZXYZ10017545088,PB2146027,76
02XYZXYZ10017545136,PB2146244,23
02XYZXYZ10017539828,PB2121573,88
02XYZXYZ10017539872,PB2121728,71
02XYZXYZ10017539874,PB2121730,92
02XYZXYZ10017539875,PB2121732,46
02XYZXYZ10017539876,PB2121733,56
02XYZXYZ10017539877,PB2121734,44
02XYZXYZ10017539880,PB2121737,52
02XYZXYZ10017539881,PB2121738,29
02XYZXYZ10017539882,PB2121739,87
02XYZXYZ10017539884,PB2121741,50
02XYZXYZ10017539886,PB2121742,89
02XYZXYZ10017539887,PB2121744,97
02XYZXYZ10017539888,PB2121745,19
02XYZXYZ10017539889,PB2121746,4
02XYZXYZ10017539890,PB2121750,64
02XYZXYZ10017539893,PB2121754,8
02XYZXYZ10017539894,PB2121755,50
02XYZXYZ10017539895,PB2121756,25
02XYZXYZ10017541615,PB2129281,75
02XYZXYZ10017541618,PB2129284,1
02XYZXYZ10017541620,PB2129287,81
02XYZXYZ10017541621,PB2129288,2
02XYZXYZ10017541625,PB2129301,67
02XYZXYZ10017543348,PB2137777,32
02XYZXYZ10017543356,PB2137808,57
02XYZXYZ10017545196,PB2146646,91
02XYZXYZ10017545207,PB2146783,86
02XYZXYZ10017545241,PB2147062,55
02XYZXYZ10017545247,PB2147064,17
02XYZXYZ10017545248,PB2147065,23
02XYZXYZ10017545254,PB2147072,62
02XYZXYZ10017539964,PB2122258,42
02XYZXYZ10017540003,PB2122425,25
02XYZXYZ10017541718,PB2129655,99
02XYZXYZ10017541721,PB2129659,22
02XYZXYZ10017541722,PB2129660,11
02XYZXYZ10017541723,PB2129661,91
02XYZXYZ10017541725,PB2129663,21
02XYZXYZ10017543499,PB2138493,32
02XYZXYZ10017543521,PB2138601,97
02XYZXYZ10017543549,PB2138735,89
02XYZXYZ10017543550,PB2138736,53
02XYZXYZ10017545288,PB2147279,2
02XYZXYZ10017545295,PB2147335,52
02XYZXYZ10017545321,PB2147458,54
02XYZXYZ10017545326,PB2147470,14
02XYZXYZ10017540041,PB2122556,6
02XYZXYZ10017540077,PB2122851,92
02XYZXYZ10017541856,BB2130093,42
02XYZXYZ10017541921,PB2130391,35
02XYZXYZ10017545408,PB2147947,47
02XYZXYZ10017545442,PB2148229,30
02XYZXYZ10017541990,PB2130667,13
02XYZXYZ10017541992,PB2130669,73
02XYZXYZ10017542037,PB2130858,28
02XYZXYZ10017542039,PB2130860,21
02XYZXYZ10017542040,PB2130861,21
02XYZXYZ10017542044,PB2130865,41
02XYZXYZ10017543814,PB2139830,44
02XYZXYZ10017545724,PB2149755,98
02XYZXYZ10017545725,PB2149756,59
02XYZXYZ10017545730,PB2149765,2
02XYZXYZ10017545732,PB2149767,33
02XYZXYZ10017545736,PB2149772,61
02XYZXYZ10017545740,PB2149777,3
02XYZXYZ10017545747,PB2149784,36
02XYZXYZ10017540279,PB2123733,69
02XYZXYZ10017540309,PB2123817,36
02XYZXYZ10017542049,PB2130870,77
02XYZXYZ10017542050,PB2130871,77
02XYZXYZ10017542088,PB2131092,53
02XYZXYZ10017542108,PB2131161,37
02XYZXYZ10017542120,PB2131202,24
02XYZXYZ10017542131,PB2131248,9
02XYZXYZ10017542147,PB2131293,75
02XYZXYZ10017543899,PB2140240,46
02XYZXYZ10017543900,PB2140238,8
02XYZXYZ10017543940,PB2140448,1
02XYZXYZ10017545491,PB2148508,82
02XYZXYZ10017545506,PB2148547,6
02XYZXYZ10017545542,PB2148766,84
02XYZXYZ10017545551,PB2148800,2
02XYZXYZ10017540380,PB2124156,61
02XYZXYZ10017540392,PB2124197,1
02XYZXYZ10017540434,PB2124427,19
02XYZXYZ10017542206,PB2131553,92
02XYZXYZ10017542207,PB2131554,6
02XYZXYZ10017542211,PB2131558,53
02XYZXYZ10017543976,PB2140611,48
02XYZXYZ10017544036,PB2140828,80
02XYZXYZ10017542327,PB2132300,58
02XYZXYZ10017542332,PB2132305,51
02XYZXYZ10017542371,PB2132423,80
02XYZXYZ10017542372,PB2132425,46
02XYZXYZ10017542373,PB2132426,94
02XYZXYZ10017544073,PB2140978,31
02XYZXYZ10017544074,PB2141008,74
02XYZXYZ10017545841,PB2150144,76
02XYZXYZ10017540624,PB2125160,59
02XYZXYZ10017540625,PB2125159,67
02XYZXYZ10017540628,PB2125182,59
02XYZXYZ10017540630,PB2125186,95
02XYZXYZ10017540631,PB2125188,97
02XYZXYZ10017540632,PB2125189,0
02XYZXYZ10017540633,PB2125190,12
02XYZXYZ10017540634,PB2125194,61
02XYZXYZ10017540635,PB2125196,69
02XYZXYZ10017540637,PB2125198,61
02XYZXYZ10017540638,PB2125199,1
02XYZXYZ10017540639,PB2125200,20
02XYZXYZ10017540641,PB2125203,99
02XYZXYZ10017540642,PB2125204,35
02XYZXYZ10017540659,PB2125244,78
02XYZXYZ10017542389,PB2132549,86
02XYZXYZ10017542390,PB2132550,97
02XYZXYZ10017544274,PB2141955,27
02XYZXYZ10017544275,PB2141956,44
02XYZXYZ10017544280,PB2141961,39
02XYZXYZ10017544282,PB2141963,65
02XYZXYZ10017544285,PB2141965,10
02XYZXYZ10017544287,PB2141967,53
02XYZXYZ10017544288,PB2141968,35
02XYZXYZ10017544294,PB2142006,16
02XYZXYZ10017544295,PB2142007,77
02XYZXYZ10017539151,PB2118428,36
02XYZXYZ10017540761,PB2125573,48
02XYZXYZ10017540765,PB2125578,35
02XYZXYZ10017544371,PB2142388,32
02XYZXYZ10017544372,PB2142389,55
02XYZXYZ10017544383,PB2142439,78
02XYZXYZ10017544389,PB2142476,27
02XYZXYZ10017544391,PB2142483,2
02XYZXYZ10017544404,PB2142523,29
02XYZXYZ10017539228,PB2118788,41
02XYZXYZ10017542642,PB2133829,19
02XYZXYZ10017544427,PB2142650,71
02XYZXYZ10017544428,PB2142651,97
02XYZXYZ10017544491,PB2143036,76
02XYZXYZ10017539292,PB2119091,87
02XYZXYZ10017539321,PB2119242,6
02XYZXYZ10017539339,PB2119336,71
02XYZXYZ10017540938,PB2126298,37
02XYZXYZ10017541019,PB2126700,74
02XYZXYZ10017542769,PB2134573,61
02XYZXYZ10017544549,PB2143423,81
02XYZXYZ10017544550,PB2143424,22
02XYZXYZ10017544568,PB2143532,68
02XYZXYZ10017544570,PB2143534,77
02XYZXYZ10017544571,PB2143535,79
02XYZXYZ10017544572,PB2143536,64
02XYZXYZ10017544573,PB2143537,86
02XYZXYZ10017544574,PB2143539,36
02XYZXYZ10017544575,PB2143540,23
02XYZXYZ10017544576,PB2143541,10
02XYZXYZ10017544588,PB2143567,79
02XYZXYZ10017539413,PB2119676,68
02XYZXYZ10017539427,PB2119697,1
02XYZXYZ10017539428,PB2119698,4
02XYZXYZ10017539430,PB2119701,18
02XYZXYZ10017539434,PB2119707,78
02XYZXYZ10017539435,PB2119708,37
02XYZXYZ10017539436,PB2119709,53
02XYZXYZ10017539437,PB2119710,51
02XYZXYZ10017539438,PB2119711,98
02XYZXYZ10017539442,PB2119716,36
02XYZXYZ10017539443,PB2119718,88
02XYZXYZ10017539445,PB2119723,31
02XYZXYZ10017539446,PB2119725,91
02XYZXYZ10017539454,PB2119743,63
02XYZXYZ10017539459,PB2119751,41
02XYZXYZ10017541072,PB2126968,18
02XYZXYZ10017541109,PB2127109,65
02XYZXYZ10017542808,PB2134742,75
02XYZXYZ10017542884,PB2135201,79
02XYZXYZ10017542890,PB2135209,71
02XYZXYZ10017544696,PB2144000,17
02XYZXYZ10017539573,PB2120415,75
02XYZXYZ10017539574,PB2120416,25
02XYZXYZ10017539576,PB2120418,98
02XYZXYZ10017539577,PB2120420,17
02XYZXYZ10017539593,PB2120480,91
02XYZXYZ10017541213,PB2127640,5
02XYZXYZ10017542931,PB2135491,53
02XYZXYZ10017542948,PB2135597,52
02XYZXYZ10017542970,PB2135754,0
02XYZXYZ10017542971,PB2135755,45
02XYZXYZ10017544755,PB2144333,26
02XYZXYZ10017544757,PB2144334,97
02XYZXYZ10017544828,PB2144711,6
02XYZXYZ10017544833,PB2144738,40
02XYZXYZ10017539618,PB2120555,83
02XYZXYZ10017539660,PB2120768,96
02XYZXYZ10017539678,PB2120820,29
02XYZXYZ10017539695,PB2120895,58
02XYZXYZ10017539708,PB2120927,5
02XYZXYZ10017541284,PB2127860,49
02XYZXYZ10017541344,PB2128147,33
02XYZXYZ10017543023,PB2136006,16
02XYZXYZ10017543115,PB2136569,81
02XYZXYZ10017544915,PB2145009,58
02XYZXYZ10017544921,PB2145016,50
02XYZXYZ10017539710,PB2120947,75
02XYZXYZ10017539736,PB2121115,24
02XYZXYZ10017539737,PB2121116,96
02XYZXYZ10017539748,PB2121142,10
02XYZXYZ10017539749,PB2121145,63
02XYZXYZ10017539752,PB2121149,83
02XYZXYZ10017541394,PB2128393,29
02XYZXYZ10017543133,PB2136640,94
02XYZXYZ10017543182,PB2136919,85
02XYZXYZ10017545017,PB2145627,43
02XYZXYZ10017534466,PB2098641,63
02XYZXYZ10017534475,PB2098662,83
02XYZXYZ10017536401,PB2105989,30
02XYZXYZ10017538280,PB2114164,98
02XYZXYZ10017532391,PB2091250,1
02XYZXYZ10017532393,PB2091324,14
02XYZXYZ10017532405,PB2091326,65
02XYZXYZ10017532459,PB2091473,84
02XYZXYZ10017532481,PB2091534,24
02XYZXYZ10017534600,PB2099112,70
02XYZXYZ10017534609,PB2099141,77
02XYZXYZ10017534626,PB2099227,77
02XYZXYZ10017534635,PB2099246,52
02XYZXYZ10017534664,PB2099333,32
02XYZXYZ10017538315,PB2114400,2
02XYZXYZ10017538339,PB2114548,17
02XYZXYZ10017538390,PB2114771,80
02XYZXYZ10017534791,PB2099767,50
02XYZXYZ10017534810,PB2099788,8
02XYZXYZ10017536633,PB2106814,90
02XYZXYZ10017536658,PB2106919,28
02XYZXYZ10017538418,PB2114892,71
02XYZXYZ10017538433,PB2114985,71
02XYZXYZ10017538435,PB2114987,41
02XYZXYZ10017538501,PB2115391,94
02XYZXYZ10017532661,PB2092246,47
02XYZXYZ10017532666,PB2092251,54
02XYZXYZ10017532676,PB2092296,29
02XYZXYZ10017532694,PB2092359,85
02XYZXYZ10017532721,PB2092455,39
02XYZXYZ10017534819,PB2099830,39
02XYZXYZ10017534850,PB2099956,78
02XYZXYZ10017534857,PB2099965,72
02XYZXYZ10017534866,PB2099981,28
02XYZXYZ10017534891,PB2100059,24
02XYZXYZ10017534902,PB2100134,37
02XYZXYZ10017534938,PB2100227,13
02XYZXYZ10017536737,PB2107127,55
02XYZXYZ10017532817,PB2092776,36
02XYZXYZ10017532841,PB2092830,15
02XYZXYZ10017532895,PB2093037,66
02XYZXYZ10017534952,PB2100262,88
02XYZXYZ10017534976,PB2100312,43
02XYZXYZ10017534979,PB2100318,49
02XYZXYZ10017534980,PB2100319,18
02XYZXYZ10017534981,PB2100320,42
02XYZXYZ10017534982,PB2100321,57
02XYZXYZ10017535003,PB2100362,58
02XYZXYZ10017535015,PB2100407,19
02XYZXYZ10017535018,PB2100450,25
02XYZXYZ10017535032,PB2100469,65
02XYZXYZ10017535044,PB2100493,53
02XYZXYZ10017536883,PB2107674,68
02XYZXYZ10017538677,PB2116213,83
02XYZXYZ10017538723,PB2116350,10
02XYZXYZ10017532896,PB2093038,2
02XYZXYZ10017532898,PB2093041,80
02XYZXYZ10017532999,PB2093395,97
02XYZXYZ10017535071,PB2100549,45
02XYZXYZ10017535136,PB2100803,33
02XYZXYZ10017535141,PB2100814,30
02XYZXYZ10017535142,PB2100815,52
02XYZXYZ10017535146,PB2100819,70
02XYZXYZ10017535166,PB2100892,94
02XYZXYZ10017535175,PB2100935,62
02XYZXYZ10017535180,PB2100967,28
02XYZXYZ10017533035,PB2093569,55
02XYZXYZ10017535209,PB2101044,91
02XYZXYZ10017535279,PB2101198,90
02XYZXYZ10017537097,PB2108718,78
02XYZXYZ10017537122,PB2108873,21
02XYZXYZ10017538750,PB2116439,72
02XYZXYZ10017538768,PB2116530,96
02XYZXYZ10017538776,PB2116568,67
02XYZXYZ10017538777,PB2116566,46
02XYZXYZ10017538782,PB2116641,29
02XYZXYZ10017538783,PB2116642,7
02XYZXYZ10017538792,PB2116694,51
02XYZXYZ10017535334,PB2101408,31
02XYZXYZ10017535352,PB2101468,6
02XYZXYZ10017537222,PB2109294,34
02XYZXYZ10017538870,PB2117093,55
02XYZXYZ10017538884,PB2117050,71
02XYZXYZ10017538886,PB2117060,93
02XYZXYZ10017538887,PB2117061,50
02XYZXYZ10017538888,PB2117062,72
02XYZXYZ10017538889,PB2117063,12
02XYZXYZ10017538890,PB2117068,43
02XYZXYZ10017538892,PB2117073,81
02XYZXYZ10017538893,PB2117074,78
02XYZXYZ10017538894,PB2117076,45
02XYZXYZ10017538895,PB2117077,94
02XYZXYZ10017538897,PB2117083,34
02XYZXYZ10017538898,PB2117152,90
02XYZXYZ10017538899,PB2117154,50
02XYZXYZ10017538901,PB2117156,78
02XYZXYZ10017538902,PB2117157,39
02XYZXYZ10017538903,PB2117158,63
02XYZXYZ10017538904,PB2117159,97
02XYZXYZ10017538905,PB2117162,96
02XYZXYZ10017538906,PB2117164,90
02XYZXYZ10017538907,PB2117165,64
02XYZXYZ10017538908,PB2117166,50
02XYZXYZ10017538909,PB2117167,57
02XYZXYZ10017538910,PB2117168,35
02XYZXYZ10017538912,PB2117170,3
02XYZXYZ10017538913,PB2117171,14
02XYZXYZ10017538915,PB2117173,62
02XYZXYZ10017538916,PB2117175,66
02XYZXYZ10017538917,PB2117176,47
02XYZXYZ10017538918,PB2117177,37
02XYZXYZ10017538919,PB2117178,46
02XYZXYZ10017538920,PB2117179,17
02XYZXYZ10017538926,PB2117221,47
02XYZXYZ10017538927,PB2117222,85
02XYZXYZ10017538945,PB2117290,84
02XYZXYZ10017533328,PB2094562,64
02XYZXYZ10017537371,PB2109890,71
02XYZXYZ10017537376,PB2109901,61
02XYZXYZ10017531380,PB2087783,93
02XYZXYZ10017533516,PB2095089,85
02XYZXYZ10017533517,PB2095090,43
02XYZXYZ10017537430,PB2110140,63
02XYZXYZ10017537431,PB2110141,84
02XYZXYZ10017531498,PB2088063,33
02XYZXYZ10017533582,PB2095352,13
02XYZXYZ10017535714,PB2102961,69
02XYZXYZ10017535727,PB2103009,4
02XYZXYZ10017535782,PB2103252,13
02XYZXYZ10017537563,IT0903167,55
02XYZXYZ10017537594,PB2110985,36
02XYZXYZ10017537595,PB2110986,16
02XYZXYZ10017537596,PB2110987,70
02XYZXYZ10017537597,PB2110988,4
02XYZXYZ10017537598,PB2110992,11
02XYZXYZ10017531634,PB2088535,45
02XYZXYZ10017533699,PB2095735,90
02XYZXYZ10017533701,PB2095738,18
02XYZXYZ10017535813,PB2103363,19
02XYZXYZ10017535824,PB2103379,40
02XYZXYZ10017535893,PB2103664,46
02XYZXYZ10017537628,PB2111092,9
02XYZXYZ10017537670,PB2111236,8
02XYZXYZ10017537701,PB2111295,14
02XYZXYZ10017531743,PB2088969,46
02XYZXYZ10017531777,PB2089075,89
02XYZXYZ10017533933,PB2096641,7
02XYZXYZ10017536006,KP2004070,71
02XYZXYZ10017536015,PB2104183,31
02XYZXYZ10017537826,PB2112001,45
02XYZXYZ10017533952,PB2096684,32
02XYZXYZ10017533960,PB2096718,23
02XYZXYZ10017533989,PB2096813,23
02XYZXYZ10017533990,PB2096814,45
02XYZXYZ10017534012,PB2096858,56
02XYZXYZ10017534015,PB2096862,44
02XYZXYZ10017534020,PB2096875,53
02XYZXYZ10017534021,PB2096877,36
02XYZXYZ10017534022,PB2096882,20
02XYZXYZ10017534023,PB2096876,94
02XYZXYZ10017534025,PB2096881,8
02XYZXYZ10017534026,PB2096883,62
02XYZXYZ10017537858,PB2112204,83
02XYZXYZ10017537924,PB2112532,31
02XYZXYZ10017537933,PB2112570,6
02XYZXYZ10017531977,PB2089846,37
02XYZXYZ10017532009,PB2089964,69
02XYZXYZ10017532040,PB2090022,32
02XYZXYZ10017532044,PB2090044,56
02XYZXYZ10017534107,PB2097272,82
02XYZXYZ10017534113,PB2097289,45
02XYZXYZ10017534137,PB2097359,78
02XYZXYZ10017536168,PB2104772,56
02XYZXYZ10017536241,PB2105086,45
02XYZXYZ10017536242,PB2105088,56
02XYZXYZ10017536251,PB2105196,49
02XYZXYZ10017537983,PB2112816,76
02XYZXYZ10017537994,PB2112853,32
02XYZXYZ10017537995,PB2112854,32
02XYZXYZ10017534270,PB2097839,66
02XYZXYZ10017534273,PB2097843,34
02XYZXYZ10017534280,PB2097856,74
02XYZXYZ10017534303,PB2097983,68
02XYZXYZ10017536275,PB2105281,20
02XYZXYZ10017532287,PB2090816,96
02XYZXYZ10017532329,PB2090981,20
02XYZXYZ10017534338,PB2098088,11
02XYZXYZ10017534354,PB2098173,94
02XYZXYZ10017534356,PB2098175,41
02XYZXYZ10017534357,PB2098176,22
02XYZXYZ10017534379,PB2098273,89
02XYZXYZ10017534395,PB2098364,77
02XYZXYZ10017534432,PB2098507,18
02XYZXYZ10017554968,PB2192993,60
02XYZXYZ10017554969,PB2192994,47
02XYZXYZ10017554994,PB2193153,57
02XYZXYZ10017556750,PB2203867,42
02XYZXYZ10017558416,PB2215332,39
02XYZXYZ10017558428,PB2215380,72
02XYZXYZ10017558430,PB2215389,42
02XYZXYZ10017558434,PB2215444,96
02XYZXYZ10017558437,PB2215447,55
02XYZXYZ10017558474,PB2215731,85
02XYZXYZ10017555047,PB2193400,62
02XYZXYZ10017555092,PB2103117,57
02XYZXYZ10017555106,PB2193652,97
02XYZXYZ10017556803,PB2204164,15
02XYZXYZ10017556827,PB2204315,87
02XYZXYZ10017558517,PB2216008,87
02XYZXYZ10017555230,PB2194303,76
02XYZXYZ10017555245,PB2194363,20
02XYZXYZ10017555246,PB2194364,71
02XYZXYZ10017555247,PB2194366,95
02XYZXYZ10017555248,PB2194370,65
02XYZXYZ10017555249,PB2194371,41
02XYZXYZ10017556887,PB2204702,9
02XYZXYZ10017556889,PB2204728,22
02XYZXYZ10017556969,PB2205236,84
02XYZXYZ10017558603,PB2216569,56
02XYZXYZ10017558659,PB2216914,27
02XYZXYZ10017555251,PB2194374,66
02XYZXYZ10017555252,PB2194376,50
02XYZXYZ10017555253,PB2194377,52
02XYZXYZ10017555256,PB2194381,9
02XYZXYZ10017555293,PB2194645,92
02XYZXYZ10017555294,PB2194646,33
02XYZXYZ10017556985,PB2205300,88
02XYZXYZ10017557060,PB2205778,41
02XYZXYZ10017557070,PB2205807,42
02XYZXYZ10017557090,PB2205984,89
02XYZXYZ10017558695,PB2217358,21
02XYZXYZ10017558711,PB2217442,36
02XYZXYZ10017558751,PB2217687,19
02XYZXYZ10017555418,PB2195033,88
02XYZXYZ10017555420,PB2195036,81
02XYZXYZ10017555436,PB2195128,43
02XYZXYZ10017557096,PB2205995,70
02XYZXYZ10017557122,PB2206161,24
02XYZXYZ10017559020,PB2219578,11
02XYZXYZ10017559076,PB2220218,84
02XYZXYZ10017559098,PB2220386,86
02XYZXYZ10017555473,PB2195332,78
02XYZXYZ10017555474,PB2195333,33
02XYZXYZ10017555475,PB2195335,32
02XYZXYZ10017555476,PB2195336,60
02XYZXYZ10017555477,PB2195337,5
02XYZXYZ10017555481,PB2195342,46
02XYZXYZ10017555515,PB2195615,13
02XYZXYZ10017555516,PB2195616,30
02XYZXYZ10017555521,PB2195637,13
02XYZXYZ10017555523,PB2195642,72
02XYZXYZ10017555551,PB2195738,24
02XYZXYZ10017555572,PB2195867,3
02XYZXYZ10017557219,PB2206755,42
02XYZXYZ10017557240,PB2206913,5
02XYZXYZ10017557250,PB2206962,97
02XYZXYZ10017557251,PB2206961,71
02XYZXYZ10017557252,PB2206964,65
02XYZXYZ10017558844,PB2218436,12
02XYZXYZ10017555608,PB2196074,65
02XYZXYZ10017555612,PB2196085,91
02XYZXYZ10017555652,PB2196346,58
02XYZXYZ10017557296,PB2207212,20
02XYZXYZ10017557302,PB2207252,26
02XYZXYZ10017557367,PB2207692,68
02XYZXYZ10017557378,PB2207753,66
02XYZXYZ10017557390,PB2207819,24
02XYZXYZ10017558914,PB2218977,25
02XYZXYZ10017558957,PB2219256,53
02XYZXYZ10017558958,PB2219258,92
02XYZXYZ10017558959,PB2219259,1
02XYZXYZ10017558960,PB2219261,28
02XYZXYZ10017558961,PB2219266,37
02XYZXYZ10017558963,PB2219268,0
02XYZXYZ10017558964,PB2219269,93
02XYZXYZ10017558965,PB2219270,63
02XYZXYZ10017558966,PB2219271,38
02XYZXYZ10017558968,PB2219318,99
02XYZXYZ10017558969,PB2219319,84
02XYZXYZ10017558970,PB2219320,25
02XYZXYZ10017558971,PB2219321,70
02XYZXYZ10017558972,PB2219322,78
02XYZXYZ10017558973,PB2219323,79
02XYZXYZ10017558974,PB2219324,63
02XYZXYZ10017558975,PB2219325,78
02XYZXYZ10017558976,PB2219326,3
02XYZXYZ10017555697,PB2196672,82
02XYZXYZ10017555713,PB2196807,99
02XYZXYZ10017555747,PB2197056,50
02XYZXYZ10017555748,PB2197058,55
02XYZXYZ10017555752,PB2106429,24
02XYZXYZ10017555753,PB2197059,56
02XYZXYZ10017555756,PB2197062,9
02XYZXYZ10017555763,PB2197143,76
02XYZXYZ10017557411,PB2207987,54
02XYZXYZ10017557429,PB2208124,42
02XYZXYZ10017557432,PB2208127,48
02XYZXYZ10017557433,PB2208128,16
02XYZXYZ10017559125,PB2220680,37
02XYZXYZ10017559141,PB2220831,38
02XYZXYZ10017559145,PB2220877,77
02XYZXYZ10017559160,PB2220922,71
02XYZXYZ10017555826,PB2197552,27
02XYZXYZ10017557524,PB2208831,23
02XYZXYZ10017557554,PB2209231,35
02XYZXYZ10017557555,PB2209232,5
02XYZXYZ10017557574,PB2209352,22
02XYZXYZ10017557597,PB2209504,96
02XYZXYZ10017555905,PB2198127,12
02XYZXYZ10017555910,PB2198133,75
02XYZXYZ10017555940,PB2198298,37
02XYZXYZ10017555942,PB2198348,60
02XYZXYZ10017555943,PB2198349,91
02XYZXYZ10017556005,PB2198618,75
02XYZXYZ10017557610,PB2209575,3
02XYZXYZ10017557686,PB2210146,91
02XYZXYZ10017556045,PB2198948,47
02XYZXYZ10017556114,PB2199448,64
02XYZXYZ10017557745,PB2210581,77
02XYZXYZ10017556130,PB2199536,95
02XYZXYZ10017557843,PB2211270,46
02XYZXYZ10017557846,PB2211274,43
02XYZXYZ10017557882,PB2211461,78
02XYZXYZ10017556233,PB2200119,60
02XYZXYZ10017556248,PB2200294,68
02XYZXYZ10017556250,PB2200301,62
02XYZXYZ10017556274,PB2200430,7
02XYZXYZ10017556307,PB2200715,48
02XYZXYZ10017557935,PB2211807,18
02XYZXYZ10017557936,PB2211808,46
02XYZXYZ10017557937,PB2211809,77
02XYZXYZ10017557940,PB2211832,49
02XYZXYZ10017557984,PB2212220,14
02XYZXYZ10017557985,PB2212221,24
02XYZXYZ10017557986,PB2212222,79
02XYZXYZ10017557990,PB2212230,24
02XYZXYZ10017557992,PB2212232,82
02XYZXYZ10017557993,PB2212233,39
02XYZXYZ10017556355,PB2201179,49
02XYZXYZ10017558026,PB2212400,29
02XYZXYZ10017558066,PB2212683,97
02XYZXYZ10017558095,PB2212892,1
02XYZXYZ10017554789,PB2191975,14
02XYZXYZ10017554792,PB2191981,67
02XYZXYZ10017554794,PB2191984,93
02XYZXYZ10017554796,PB2191988,65
02XYZXYZ10017556521,PB2202339,48
02XYZXYZ10017558126,PB2213311,46
02XYZXYZ10017558133,PB2213361,84
02XYZXYZ10017558147,PB2213436,82
02XYZXYZ10017558150,PB2213467,58
02XYZXYZ10017558151,PB2213468,44
02XYZXYZ10017558158,PB2213553,46
02XYZXYZ10017553482,PB2190373,1
02XYZXYZ10017554838,PB2192367,69
02XYZXYZ10017554915,PB2192626,39
02XYZXYZ10017554926,PB2192709,88
02XYZXYZ10017556578,PB2202673,26
02XYZXYZ10017556628,PB2203066,64
02XYZXYZ10017556648,PB2203164,43
02XYZXYZ10017556659,PB2203231,23
02XYZXYZ10017558235,PB2214130,89
02XYZXYZ10017558246,PB2214235,75
02XYZXYZ10017558303,PB2214479,7
02XYZXYZ10017558364,PB2214928,12
02XYZXYZ10017548534,PB2164053,39
02XYZXYZ10017548587,PB2164257,60
02XYZXYZ10017548628,PB2164485,83
02XYZXYZ10017550312,PB2175337,37
02XYZXYZ10017552027,PB2185298,37
02XYZXYZ10017552039,PB2185371,74
02XYZXYZ10017552079,PB2185688,59
02XYZXYZ10017546805,PB2155298,73
02XYZXYZ10017546853,PB2155657,89
02XYZXYZ10017546864,PB2155708,27
02XYZXYZ10017546895,PB2155892,68
02XYZXYZ10017548638,PB2164543,60
02XYZXYZ10017548643,PB2164596,97
02XYZXYZ10017548699,PB2164941,3
02XYZXYZ10017548767,PB2165110,26
02XYZXYZ10017550384,PB2175626,21
02XYZXYZ10017550413,PB2175833,29
02XYZXYZ10017550416,PB2175846,81
02XYZXYZ10017546919,PB2156057,19
02XYZXYZ10017546920,PB2156058,51
02XYZXYZ10017548788,PB2165181,99
02XYZXYZ10017548797,PB2165255,45
02XYZXYZ10017548847,PB2165467,25
02XYZXYZ10017550566,PB2176705,93
02XYZXYZ10017552208,PB2186312,92
02XYZXYZ10017547027,PB2156556,78
02XYZXYZ10017547072,PB2156715,15
02XYZXYZ10017550584,PB2176884,42
02XYZXYZ10017550605,PB2176994,65
02XYZXYZ10017550608,PB2176997,1
02XYZXYZ10017550609,PB2176999,9
02XYZXYZ10017550611,PB2177018,44
02XYZXYZ10017550647,PB2177247,91
02XYZXYZ10017552313,PB2186826,23
02XYZXYZ10017548984,PB2166791,46
02XYZXYZ10017549077,PB2167517,59
02XYZXYZ10017550738,PB2177855,57
02XYZXYZ10017550759,PB2178000,11
02XYZXYZ10017550791,PB2178187,84
02XYZXYZ10017550795,PB2178207,88
02XYZXYZ10017550796,PB2178208,86
02XYZXYZ10017550797,PB2178209,67
02XYZXYZ10017552434,PB2187510,77
02XYZXYZ10017552444,PB2187562,84
02XYZXYZ10017547283,PB2157806,90
02XYZXYZ10017547284,PB2157807,98
02XYZXYZ10017549097,PB2167668,20
02XYZXYZ10017549099,PB2167677,8
02XYZXYZ10017549112,PB2167770,81
02XYZXYZ10017549113,PB2167772,83
02XYZXYZ10017549114,PB2167774,69
02XYZXYZ10017549120,PB2167776,97
02XYZXYZ10017549121,PB2167778,81
02XYZXYZ10017549122,PB2167780,13
02XYZXYZ10017549123,PB2167782,21
02XYZXYZ10017549124,PB2167783,68
02XYZXYZ10017549126,PB2167788,77
02XYZXYZ10017549127,PB2167790,83
02XYZXYZ10017549128,PB2167792,85
02XYZXYZ10017549129,PB2167791,77
02XYZXYZ10017549130,PB2167795,31
02XYZXYZ10017549131,PB2167797,22
02XYZXYZ10017549134,PB2167803,19
02XYZXYZ10017549135,PB2167807,27
02XYZXYZ10017549138,PB2167810,81
02XYZXYZ10017549139,PB2167812,24
02XYZXYZ10017549141,PB2167816,79
02XYZXYZ10017550856,PB2178543,21
02XYZXYZ10017550875,PB2178639,70
02XYZXYZ10017552777,PB2189415,88
02XYZXYZ10017552812,PB2189587,30
02XYZXYZ10017549204,PB2168313,86
02XYZXYZ10017549252,PB2168649,39
02XYZXYZ10017549253,PB2168650,39
02XYZXYZ10017549265,PB2168764,78
02XYZXYZ10017549266,PB2168766,75
02XYZXYZ10017549267,PB2168768,43
02XYZXYZ10017549268,PB2168769,87
02XYZXYZ10017549269,PB2168772,9
02XYZXYZ10017549271,PB2168774,84
02XYZXYZ10017549272,PB2168775,94
02XYZXYZ10017549273,PB2168776,19
02XYZXYZ10017549276,PB2168778,13
02XYZXYZ10017549277,PB2168779,8
02XYZXYZ10017549278,PB2168780,1
02XYZXYZ10017549279,PB2168781,84
02XYZXYZ10017549280,PB2168782,15
02XYZXYZ10017549281,PB2168783,26
02XYZXYZ10017549283,PB2168785,83
02XYZXYZ10017550972,PB2179279,37
02XYZXYZ10017550974,PB2179282,36
02XYZXYZ10017550978,PB2179286,71
02XYZXYZ10017551001,PB2179313,47
02XYZXYZ10017551016,PB2179333,22
02XYZXYZ10017552548,PB2188148,69
02XYZXYZ10017552549,PB2188155,79
02XYZXYZ10017552550,PB2188162,89
02XYZXYZ10017552605,PB2188419,7
02XYZXYZ10017547453,PB2158771,69
02XYZXYZ10017549290,PB2168794,26
02XYZXYZ10017549291,PB2168795,24
02XYZXYZ10017549324,PB2168950,40
02XYZXYZ10017549354,PB2169121,29
02XYZXYZ10017549361,PB2169163,27
02XYZXYZ10017551095,PB2179661,47
02XYZXYZ10017551102,PB2179668,55
02XYZXYZ10017551104,PB2179670,33
02XYZXYZ10017552690,PB2188871,1
02XYZXYZ10017552705,PB2188938,7
02XYZXYZ10017552733,PB2189077,34
02XYZXYZ10017552747,PB2189233,50
02XYZXYZ10017547578,PB2159410,47
02XYZXYZ10017547579,PB2159411,85
02XYZXYZ10017547580,PB2159412,84
02XYZXYZ10017547587,PB2159449,66
02XYZXYZ10017547621,PB2159593,78
02XYZXYZ10017547622,PB2159595,93
02XYZXYZ10017547640,PB2159704,30
02XYZXYZ10017547645,PB2159718,73
02XYZXYZ10017549408,PB2169526,75
02XYZXYZ10017549416,PB2169555,55
02XYZXYZ10017549418,PB2169567,51
02XYZXYZ10017549422,PB2169561,92
02XYZXYZ10017549423,PB2169563,5
02XYZXYZ10017549424,PB2169564,52
02XYZXYZ10017549425,PB2169565,45
02XYZXYZ10017549426,PB2169568,70
02XYZXYZ10017549427,PB2169569,17
02XYZXYZ10017549428,PB2169570,74
02XYZXYZ10017549474,PB2170030,20
02XYZXYZ10017549475,PB2170033,79
02XYZXYZ10017549476,PB2170035,34
02XYZXYZ10017549477,PB2170036,33
02XYZXYZ10017549480,PB2170042,66
02XYZXYZ10017549482,PB2170039,30
02XYZXYZ10017549485,PB2170048,51
02XYZXYZ10017549486,PB2170050,67
02XYZXYZ10017551124,PB2179821,84
02XYZXYZ10017551125,PB2179822,19
02XYZXYZ10017551210,PB2180315,43
02XYZXYZ10017547703,PB2159981,58
02XYZXYZ10017547709,PB2159999,63
02XYZXYZ10017547713,PB2160005,41
02XYZXYZ10017547714,PB2160006,15
02XYZXYZ10017549499,PB2170109,54
02XYZXYZ10017549508,PB2170226,23
02XYZXYZ10017551236,PB2180418,55
02XYZXYZ10017551248,PB2180413,7
02XYZXYZ10017551263,PB2180542,70
02XYZXYZ10017551273,PB2180582,31
02XYZXYZ10017546062,PB2151263,44
02XYZXYZ10017546107,PB2151513,27
02XYZXYZ10017547767,PB2160308,4
02XYZXYZ10017547776,PB2160347,39
02XYZXYZ10017547861,PB2160791,84
02XYZXYZ10017549630,PB2171087,3
02XYZXYZ10017549637,PB2171117,65
02XYZXYZ10017549697,PB2171446,17
02XYZXYZ10017551358,PB2181025,88
02XYZXYZ10017551409,PB2181322,92
02XYZXYZ10017551445,PB2181540,96
02XYZXYZ10017547878,PB2160883,4
02XYZXYZ10017549744,PB2171880,31
02XYZXYZ10017549758,PB2172001,44
02XYZXYZ10017549797,PB2172251,29
02XYZXYZ10017551464,PB2181717,14
02XYZXYZ10017551480,PB2181863,82
02XYZXYZ10017551530,PB2182345,69
02XYZXYZ10017551546,PB2182424,98
02XYZXYZ10017551563,PB2182578,83
02XYZXYZ10017551568,PB2182591,22
02XYZXYZ10017546261,PB2152296,61
02XYZXYZ10017546284,PB2152438,42
02XYZXYZ10017546348,PB2152829,25
02XYZXYZ10017548003,PB2161447,1
02XYZXYZ10017548062,PB2161685,32
02XYZXYZ10017549864,PB2172752,57
02XYZXYZ10017549881,PB2172896,88
02XYZXYZ10017551587,PB2182733,71
02XYZXYZ10017551604,PB2182858,90
02XYZXYZ10017546388,PB2152995,37
02XYZXYZ10017546401,PB2153069,16
02XYZXYZ10017546415,PB2153194,69
02XYZXYZ10017548099,PB2161893,98
02XYZXYZ10017548108,PB2161925,84
02XYZXYZ10017548119,PB2162036,26
02XYZXYZ10017548169,PB2162274,77
02XYZXYZ10017551760,PB2183683,8
02XYZXYZ10017546473,PB2153510,9
02XYZXYZ10017546500,PB2153616,20
02XYZXYZ10017546533,PB2153748,75
02XYZXYZ10017550060,PB2173845,16
02XYZXYZ10017550063,PB2173848,54
02XYZXYZ10017550064,PB2173850,23
02XYZXYZ10017550095,PB2174028,52
02XYZXYZ10017550115,PB2174117,94
02XYZXYZ10017551799,PB2183925,15
02XYZXYZ10017551835,PB2184205,91
02XYZXYZ10017551836,PB2184206,11
02XYZXYZ10017551854,PB2184286,82
02XYZXYZ10017551882,PB2184469,77
02XYZXYZ10017546627,PB2154243,42
02XYZXYZ10017546640,PB2154295,78
02XYZXYZ10017546661,PB2154444,66
02XYZXYZ10017546685,PB2154534,94
02XYZXYZ10017548354,PB2163178,73
02XYZXYZ10017548363,PB2163224,85
02XYZXYZ10017548385,PB2163317,7
02XYZXYZ10017548403,PB2163432,80
02XYZXYZ10017550192,PB2174559,77
02XYZXYZ10017550200,PB2174608,49
02XYZXYZ10017550210,PB2174687,11
02XYZXYZ10017551902,PB2184545,10
02XYZXYZ10017551919,PB2184637,18
02XYZXYZ10017551974,PB2185044,62
02XYZXYZ10017546764,PB2154991,53
02XYZXYZ10017560136,PB2228528,83
02XYZXYZ10017560137,PB2228529,55
02XYZXYZ10017560138,PB2228530,25
02XYZXYZ10017560227,PB2229299,62
02XYZXYZ10017560240,PB2229406,37
02XYZXYZ10017560241,PB2229407,96
02XYZXYZ10017560242,PB2229408,72
02XYZXYZ10017560249,PB2229415,73
02XYZXYZ10017560259,PB2229427,49
02XYZXYZ10017560262,PB2229451,28
02XYZXYZ10017559273,PB2221904,90
02XYZXYZ10017559274,PB2221905,69
02XYZXYZ10017559284,PB2221967,75
02XYZXYZ10017559298,PB2222139,70
02XYZXYZ10017559333,PB2222392,23
02XYZXYZ10017559373,PB2222636,7
02XYZXYZ10017559391,PB2222766,65
02XYZXYZ10017559424,PB2223182,5
02XYZXYZ10017559489,PB2223691,33
02XYZXYZ10017559495,PB2223774,48
02XYZXYZ110017507308,212665364,42
02XYZXYZ10017559601,PB2224735,65
02XYZXYZ10017559609,PB2224790,0
02XYZXYZ10017559627,PB2225066,4
02XYZXYZ10017559637,PB2225097,24
02XYZXYZ110017507385,212673833,5
02XYZXYZ110017507427,212678963,55
02XYZXYZ110017507444,212680971,62
02XYZXYZ10017559682,PB2225494,45
02XYZXYZ10017559683,PB2225496,40
02XYZXYZ10017559708,PB2225732,66
02XYZXYZ110017507474,212685641,9
02XYZXYZ110017507481,212686412,47
02XYZXYZ110017507482,212686654,9
02XYZXYZ110017507489,212688378,3
02XYZXYZ110017507494,212689674,90
02XYZXYZ110017507511,212692004,41
02XYZXYZ110017507523,212694632,34
02XYZXYZ110017507524,212694647,50
02XYZXYZ10017559784,PB2226278,48
02XYZXYZ10017559793,PB2226364,89
02XYZXYZ10017559794,PB2226365,4
02XYZXYZ10017559796,PB2226373,54
02XYZXYZ10017559801,PB2226394,56
02XYZXYZ10017559831,PB2226570,18
02XYZXYZ110017507568,212704449,22
02XYZXYZ10017559981,PB2227573,59
02XYZXYZ10017560004,PB2227799,27
